{
    "name": "remodal",
    "title": "Remodal",
    "description": "Flat, responsive, lightweight, easy customizable modal window plugin with declarative state notation and hash tracking.",
    "keywords": [
        "flat",
        "responsive",
        "modal",
        "popup",
        "window",
        "dialog",
        "popin",
        "lightbox",
        "ui",
        "zepto"
    ],
    "version": "0.1.4",
    "author": {
        "name": "Ilya Makarov",
        "email": "dfrost.00@gmail.com",
        "url": "https://github.com/VodkaBears"
    },
    "maintainers": [
        {
            "name": "Ilya Makarov",
            "email": "dfrost.00@gmail.com",
            "url": "https://github.com/VodkaBears"
        }
    ],
    "licenses": [
        {
            "type": "MIT",
            "url": "https://github.com/VodkaBears/Remodal/blob/master/LICENSE"
        }
    ],
    "bugs": "https://github.com/VodkaBears/Remodal/issues",
    "homepage": "http://vodkabears.github.io/remodal/",
    "docs": "https://github.com/VodkaBears/remodal#readme",
    "download": "https://github.com/VodkaBears/Remodal/archive/master.zip",
    "dependencies": {
        "jquery": ">=1.11.0"
    }
}